Name,Mean,MeanLB,MeanUB,Stddev,StddevLB,StddevUB,DataSet,Algorithm,Config,ChcCount,PlainCount,CompressionRatio,VCoreSize,VCorePlain,VCoreVar,Variants
Z3/v-->v/V1/Chc/0/numPlain/0/Compression/0.0/VCore_Total/1/VCorePlain/0/VCoreVar/0/Variants/1,0.32206802820626984,0.312462435830873,0.3297408162577778,0.01470790428017275,0.011379054864436652,0.018449696712448695,Z3,v-->v,V1,0,0.0,0.0,1,0,0,1
Z3/v-->v/V2/Chc/0/numPlain/0/Compression/0.0/VCore_Total/1/VCorePlain/0/VCoreVar/0/Variants/1,0.4238285534430952,0.40971595584833337,0.4380862256047619,0.025111279988847553,0.020699516637704255,0.030519575184516777,Z3,v-->v,V2,0,0.0,0.0,1,0,0,1
Z3/v-->v/V3/Chc/0/numPlain/0/Compression/0.0/VCore_Total/1/VCorePlain/0/VCoreVar/0/Variants/1,0.19874110589607144,0.19425997471333334,0.20580911061511903,0.009370221255708152,0.0055240433591131795,0.014459251023086176,Z3,v-->v,V3,0,0.0,0.0,1,0,0,1
Z3/v-->v/V4/Chc/0/numPlain/0/Compression/0.0/VCore_Total/1/VCorePlain/0/VCoreVar/0/Variants/1,0.2209805498413095,0.21629674671130955,0.22508974291261902,0.007680256150489188,0.005570335267511095,0.009658966388310505,Z3,v-->v,V4,0,0.0,0.0,1,0,0,1
Z3/v-->v/V5/Chc/0/numPlain/0/Compression/0.0/VCore_Total/1/VCorePlain/0/VCoreVar/0/Variants/1,0.48502525099055555,0.47553403242055553,0.4936344651761111,0.015676748163454976,0.011305533244438868,0.020689306389353575,Z3,v-->v,V5,0,0.0,0.0,1,0,0,1
Z3/v-->v/V6/Chc/0/numPlain/0/Compression/0.0/VCore_Total/1/VCorePlain/0/VCoreVar/0/Variants/1,0.4661032394689286,0.4610175060341667,0.4726586216720238,0.009687246268902916,0.006892456399214051,0.013706337741324105,Z3,v-->v,V6,0,0.0,0.0,1,0,0,1
Z3/v-->v/V7/Chc/0/numPlain/0/Compression/0.0/VCore_Total/1/VCorePlain/0/VCoreVar/0/Variants/1,0.2746413332998413,0.2721066852,0.27700819484,0.00423160949282582,0.0031888646892956163,0.005795301295167859,Z3,v-->v,V7,0,0.0,0.0,1,0,0,1
Z3/v-->v/V8/Chc/0/numPlain/0/Compression/0.0/VCore_Total/1/VCorePlain/0/VCoreVar/0/Variants/1,0.2796924665968254,0.2775980280675397,0.2819068560147619,0.0036071963700576946,0.002401698519992843,0.006437356557799265,Z3,v-->v,V8,0,0.0,0.0,1,0,0,1
Z3/v-->v/V9/Chc/0/numPlain/0/Compression/0.0/VCore_Total/1/VCorePlain/0/VCoreVar/0/Variants/1,0.22223417932599204,0.2169059379315476,0.23032426630515873,0.010773940626293376,0.007232500787466062,0.015154503415200735,Z3,v-->v,V9,0,0.0,0.0,1,0,0,1
Z3/v-->v/V10/Chc/0/numPlain/0/Compression/0.0/VCore_Total/1/VCorePlain/0/VCoreVar/0/Variants/1,0.20361444854051589,0.20091383194940476,0.20686959634750002,0.0052793045584734214,0.004162209361932142,0.00667050692892547,Z3,v-->v,V10,0,0.0,0.0,1,0,0,1
Z3/v-->v/V1/Chc/558/numPlain/558/Compression/0.78768235/VCore_Total/2890/VCorePlain/2332/VCoreVar/558/Variants/2,0.04814956257896489,0.0469409549390873,0.04896495908166536,0.001895557568283545,0.0012326300289492854,0.003052288120148379,Z3,v-->v,V1,558,558.0,0.78768235,2890,2332,558,2
Z3/v-->v/V1*V2/Chc/1322/numPlain/1322/Compression/0.4616535/VCore_Total/3515/VCorePlain/2202/VCoreVar/1313/Variants/4,0.04579543674564086,0.044870492611574934,0.046506757430622554,0.001621223558786009,0.0010258064100589787,0.0023835701307327217,Z3,v-->v,V1*V2,1322,1322.0,0.4616535,3515,2202,1313,4
Z3/v-->v/V1*V2*V3/Chc/1400/numPlain/1400/Compression/0.23948032/VCore_Total/3532/VCorePlain/2157/VCoreVar/1375/Variants/8,0.0458224339060059,0.04496667541216759,0.04643291131881452,0.001459530575115899,0.0009604989494840608,0.0020767062447692147,Z3,v-->v,V1*V2*V3,1400,1400.0,0.23948032,3532,2157,1375,8
Z3/v-->v/V1*V2*V3*V4/Chc/1478/numPlain/1478/Compression/0.12483662/VCore_Total/3580/VCorePlain/2135/VCoreVar/1445/Variants/16,0.04485473069350279,0.043899783269352864,0.04564357523538462,0.001821222850160766,0.001301337255544804,0.0028216876548123014,Z3,v-->v,V1*V2*V3*V4,1478,1478.0,0.12483662,3580,2135,1445,16
Z3/v-->v/V1*V2*V3*V4*V5/Chc/2159/numPlain/2159/Compression/6.726688e-2/VCore_Total/3588/VCorePlain/1827/VCoreVar/1761/Variants/32,0.045475596733335115,0.04445318197029221,0.046049512149502876,0.0014527961191873027,0.0005117920983649338,0.0020350093236619683,Z3,v-->v,V1*V2*V3*V4*V5,2159,2159.0,0.06726688,3588,1827,1761,32
Z3/p-->v/V1/Chc/0/numPlain/0/Compression/0.0/VCore_Total/1/VCorePlain/0/VCoreVar/0/Variants/1,0.3628372370888492,0.35643300374186504,0.37136749501547617,0.012376439334198385,0.00601724375068945,0.016584278356708507,Z3,p-->v,V1,0,0.0,0.0,1,0,0,1
Z3/p-->v/V2/Chc/0/numPlain/0/Compression/0.0/VCore_Total/1/VCorePlain/0/VCoreVar/0/Variants/1,0.46397469229777777,0.454631384685,0.47774098485611105,0.018976041526872555,0.012585742264636365,0.025228249726111148,Z3,p-->v,V2,0,0.0,0.0,1,0,0,1
Z3/p-->v/V3/Chc/0/numPlain/0/Compression/0.0/VCore_Total/1/VCorePlain/0/VCoreVar/0/Variants/1,0.20276147622444443,0.19590135945222223,0.20888616860333334,0.011314011779471807,0.0092949366483079,0.01422775492100271,Z3,p-->v,V3,0,0.0,0.0,1,0,0,1
Z3/p-->v/V4/Chc/0/numPlain/0/Compression/0.0/VCore_Total/1/VCorePlain/0/VCoreVar/0/Variants/1,0.20721625412182537,0.20464852046611112,0.20911249897833334,0.003979949651130358,0.002614417129491587,0.005682134531180388,Z3,p-->v,V4,0,0.0,0.0,1,0,0,1
Z3/p-->v/V5/Chc/0/numPlain/0/Compression/0.0/VCore_Total/1/VCorePlain/0/VCoreVar/0/Variants/1,0.4411951641796826,0.4374908374763492,0.4460643516485715,0.0073588130025993865,0.004980579337516787,0.010618873819413684,Z3,p-->v,V5,0,0.0,0.0,1,0,0,1
Z3/p-->v/V6/Chc/0/numPlain/0/Compression/0.0/VCore_Total/1/VCorePlain/0/VCoreVar/0/Variants/1,0.4328429508677778,0.4251588265011111,0.43891295656222223,0.011751470703292636,0.007536066172740804,0.017465803429717038,Z3,p-->v,V6,0,0.0,0.0,1,0,0,1
Z3/p-->v/V7/Chc/0/numPlain/0/Compression/0.0/VCore_Total/1/VCorePlain/0/VCoreVar/0/Variants/1,0.25535220743416664,0.2501879255625,0.26001176105833335,0.008451056759542512,0.006687418901842272,0.011599850802399931,Z3,p-->v,V7,0,0.0,0.0,1,0,0,1
Z3/p-->v/V8/Chc/0/numPlain/0/Compression/0.0/VCore_Total/1/VCorePlain/0/VCoreVar/0/Variants/1,0.2684505340026984,0.2632323608476984,0.27352121291269843,0.008637883604040006,0.006600512909385746,0.011072241168798683,Z3,p-->v,V8,0,0.0,0.0,1,0,0,1
Z3/p-->v/V9/Chc/0/numPlain/0/Compression/0.0/VCore_Total/1/VCorePlain/0/VCoreVar/0/Variants/1,0.21685761347968255,0.2133137356202381,0.22146082069944445,0.0067009603904681385,0.004514816433314125,0.010570024152921827,Z3,p-->v,V9,0,0.0,0.0,1,0,0,1
Z3/p-->v/V10/Chc/0/numPlain/0/Compression/0.0/VCore_Total/1/VCorePlain/0/VCoreVar/0/Variants/1,0.19611013802075397,0.19190342125753967,0.19980190551861113,0.007013193866942069,0.004970168218307949,0.01008594723691865,Z3,p-->v,V10,0,0.0,0.0,1,0,0,1
Z3/p-->v/V1/Chc/0/numPlain/0/Compression/0.0/VCore_Total/2/VCorePlain/0/VCoreVar/0/Variants/1,0.49026551610428576,0.47975227133000004,0.5015571160092857,0.018606869198712205,0.011466039159240368,0.03390433373158197,Z3,p-->v,V1,0,0.0,0.0,2,0,0,1
Z3/p-->v/V1*V2/Chc/0/numPlain/0/Compression/0.0/VCore_Total/4/VCorePlain/0/VCoreVar/0/Variants/1,1.5206310016629365,1.4943595739830953,1.5387551596062699,0.040105057413011395,0.028409170669542457,0.05146102381346317,Z3,p-->v,V1*V2,0,0.0,0.0,4,0,0,1
Z3/p-->v/V1*V2*V3/Chc/0/numPlain/0/Compression/0.0/VCore_Total/8/VCorePlain/0/VCoreVar/0/Variants/1,3.190971189364524,3.1310231958814283,3.2365374390133335,0.08463477949668764,0.04619948568205727,0.13537078402404806,Z3,p-->v,V1*V2*V3,0,0.0,0.0,8,0,0,1
Z3/p-->v/V1*V2*V3*V4/Chc/0/numPlain/0/Compression/0.0/VCore_Total/16/VCorePlain/0/VCoreVar/0/Variants/1,7.649426820503015,7.506645722684921,7.7751303855066665,0.23073015679577433,0.17246974265517173,0.31260708903683626,Z3,p-->v,V1*V2*V3*V4,0,0.0,0.0,16,0,0,1
Z3/p-->v/V1*V2*V3*V4*V5/Chc/0/numPlain/0/Compression/0.0/VCore_Total/32/VCorePlain/0/VCoreVar/0/Variants/1,26.986368661664084,23.942901871812502,28.574546377165472,3.70122312088044,1.525284697167049,4.728598743491502,Z3,p-->v,V1*V2*V3*V4*V5,0,0.0,0.0,32,0,0,1
Z3/p-->p/V1/Chc/0/numPlain/0/Compression/0.0/VCore_Total/1/VCorePlain/0/VCoreVar/0/Variants/1,0.686353676587262,0.6743475970158334,0.6927811026742857,0.014903443942637339,0.00785865929442858,0.02255423583203137,Z3,p-->p,V1,0,0.0,0.0,1,0,0,1
Z3/p-->p/V2/Chc/0/numPlain/0/Compression/0.0/VCore_Total/1/VCorePlain/0/VCoreVar/0/Variants/1,0.9174192221495634,0.9043523073569444,0.9285610319067856,0.02066502947062615,0.013579451367540497,0.028296863663973625,Z3,p-->p,V2,0,0.0,0.0,1,0,0,1
Z3/p-->p/V3/Chc/0/numPlain/0/Compression/0.0/VCore_Total/1/VCorePlain/0/VCoreVar/0/Variants/1,0.35353340293761903,0.3439811266816667,0.3601655768152381,0.013267481706444364,0.008170215922638457,0.02003870698586604,Z3,p-->p,V3,0,0.0,0.0,1,0,0,1
Z3/p-->p/V4/Chc/0/numPlain/0/Compression/0.0/VCore_Total/1/VCorePlain/0/VCoreVar/0/Variants/1,0.3950051087360714,0.38657274486416665,0.4058603706017857,0.01627792888016389,0.012791644577941947,0.021727935462193603,Z3,p-->p,V4,0,0.0,0.0,1,0,0,1
Z3/p-->p/V5/Chc/0/numPlain/0/Compression/0.0/VCore_Total/1/VCorePlain/0/VCoreVar/0/Variants/1,0.9362511838034921,0.924479802165,0.9491752322383332,0.021438845388329703,0.015335633882570846,0.02958951253512314,Z3,p-->p,V5,0,0.0,0.0,1,0,0,1
Z3/p-->p/V6/Chc/0/numPlain/0/Compression/0.0/VCore_Total/1/VCorePlain/0/VCoreVar/0/Variants/1,0.8790791120905557,0.866351721465,0.89183767496,0.021571433954309993,0.017456833537841457,0.029283456165185805,Z3,p-->p,V6,0,0.0,0.0,1,0,0,1
Z3/p-->p/V7/Chc/0/numPlain/0/Compression/0.0/VCore_Total/1/VCorePlain/0/VCoreVar/0/Variants/1,0.4976615539969048,0.49160728758214284,0.5065938539904762,0.0123169440362309,0.007807369661630357,0.017973512467361105,Z3,p-->p,V7,0,0.0,0.0,1,0,0,1
Z3/p-->p/V8/Chc/0/numPlain/0/Compression/0.0/VCore_Total/1/VCorePlain/0/VCoreVar/0/Variants/1,0.5231605892823412,0.5141492122369048,0.5348468550409524,0.017398111817597643,0.012138611262137243,0.02314790430530343,Z3,p-->p,V8,0,0.0,0.0,1,0,0,1
Z3/p-->p/V9/Chc/0/numPlain/0/Compression/0.0/VCore_Total/1/VCorePlain/0/VCoreVar/0/Variants/1,0.40971386774234125,0.40200035455428573,0.41782016978123016,0.014043732506844127,0.011214352060753854,0.018061143116169423,Z3,p-->p,V9,0,0.0,0.0,1,0,0,1
Z3/p-->p/V10/Chc/0/numPlain/0/Compression/0.0/VCore_Total/1/VCorePlain/0/VCoreVar/0/Variants/1,0.3499345579524206,0.33943275569027775,0.35775340343158735,0.014849109498185827,0.010566862198708967,0.02089849232931594,Z3,p-->p,V10,0,0.0,0.0,1,0,0,1
Z3/p-->p/V1/Chc/0/numPlain/0/Compression/0.0/VCore_Total/2/VCorePlain/0/VCoreVar/0/Variants/1,0.8873248343280556,0.8703949216755555,0.9019897790422222,0.027862917701135276,0.02170357868347321,0.03574070289177332,Z3,p-->p,V1,0,0.0,0.0,2,0,0,1
Z3/p-->p/V1*V2/Chc/0/numPlain/0/Compression/0.0/VCore_Total/4/VCorePlain/0/VCoreVar/0/Variants/1,2.9951800107884923,2.9534093101214287,3.0333245064890475,0.06919777553334279,0.04903751967170582,0.10473818547113214,Z3,p-->p,V1*V2,0,0.0,0.0,4,0,0,1
Z3/p-->p/V1*V2*V3/Chc/0/numPlain/0/Compression/0.0/VCore_Total/8/VCorePlain/0/VCoreVar/0/Variants/1,6.692897262657302,6.49712098655,6.813324898378889,0.2659396557958205,0.08381642824918839,0.34887757677437553,Z3,p-->p,V1*V2*V3,0,0.0,0.0,8,0,0,1
Z3/p-->p/V1*V2*V3*V4/Chc/0/numPlain/0/Compression/0.0/VCore_Total/16/VCorePlain/0/VCoreVar/0/Variants/1,27.438774859285083,27.230243306105557,27.576788938001744,0.304874773040563,0.1689840044986148,0.4881303482797855,Z3,p-->p,V1*V2*V3*V4,0,0.0,0.0,16,0,0,1
Z3/p-->p/V1*V2*V3*V4*V5/Chc/0/numPlain/0/Compression/0.0/VCore_Total/32/VCorePlain/0/VCoreVar/0/Variants/1,201.78513046036326,200.32657646334428,202.57698846587945,1.8107536031713671,0.8911301497683071,2.814378877632492,Z3,p-->p,V1*V2*V3*V4*V5,0,0.0,0.0,32,0,0,1
Z3/v-->p/V1/Chc/0/numPlain/0/Compression/0.0/VCore_Total/1/VCorePlain/0/VCoreVar/0/Variants/1,0.009684951509419745,0.009547048880311505,0.009786674617060367,0.0002898272566016212,0.00022315035132736128,0.00034865989385574227,Z3,v-->p,V1,0,0.0,0.0,1,0,0,1
Z3/v-->p/V2/Chc/0/numPlain/0/Compression/0.0/VCore_Total/1/VCorePlain/0/VCoreVar/0/Variants/1,0.0097521693561837,0.009611676391608431,0.009912868456830584,0.0003474212914400548,0.00026681317025384257,0.0004659558527902588,Z3,v-->p,V2,0,0.0,0.0,1,0,0,1
Z3/v-->p/V3/Chc/0/numPlain/0/Compression/0.0/VCore_Total/1/VCorePlain/0/VCoreVar/0/Variants/1,0.009936207836621793,0.009771902202877113,0.010083171748534778,0.00036526916975694113,0.0002825340758814209,0.00047878809146994095,Z3,v-->p,V3,0,0.0,0.0,1,0,0,1
Z3/v-->p/V4/Chc/0/numPlain/0/Compression/0.0/VCore_Total/1/VCorePlain/0/VCoreVar/0/Variants/1,0.009697739399925248,0.009586357686993027,0.009809121058173477,0.0002942859540138063,0.00023073171805753517,0.00035007333775312853,Z3,v-->p,V4,0,0.0,0.0,1,0,0,1
Z3/v-->p/V5/Chc/0/numPlain/0/Compression/0.0/VCore_Total/1/VCorePlain/0/VCoreVar/0/Variants/1,0.010009437156049223,0.009921401862909185,0.010137346869873057,0.00025209808483901003,0.00015959675777940622,0.0003528012794585406,Z3,v-->p,V5,0,0.0,0.0,1,0,0,1
Z3/v-->p/V6/Chc/0/numPlain/0/Compression/0.0/VCore_Total/1/VCorePlain/0/VCoreVar/0/Variants/1,0.009964864129054814,0.009719421846193923,0.010177999067098011,0.000521424895278198,0.0004204297229343112,0.0006463284509305108,Z3,v-->p,V6,0,0.0,0.0,1,0,0,1
Z3/v-->p/V7/Chc/0/numPlain/0/Compression/0.0/VCore_Total/1/VCorePlain/0/VCoreVar/0/Variants/1,0.009996862715380424,0.009769858832887593,0.010167806818698848,0.0004805111004201387,0.0003694081113951384,0.0006020342417360535,Z3,v-->p,V7,0,0.0,0.0,1,0,0,1
Z3/v-->p/V8/Chc/0/numPlain/0/Compression/0.0/VCore_Total/1/VCorePlain/0/VCoreVar/0/Variants/1,0.009848347134794004,0.00968179102815132,0.010011460578328907,0.0004090031733566172,0.0003243390113232287,0.0005095485278562488,Z3,v-->p,V8,0,0.0,0.0,1,0,0,1
Z3/v-->p/V9/Chc/0/numPlain/0/Compression/0.0/VCore_Total/1/VCorePlain/0/VCoreVar/0/Variants/1,0.010065942596350165,0.009832528003886842,0.010244660428512962,0.0005203892735502728,0.00040592937736945244,0.0006132205843616426,Z3,v-->p,V9,0,0.0,0.0,1,0,0,1
Z3/v-->p/V10/Chc/0/numPlain/0/Compression/0.0/VCore_Total/1/VCorePlain/0/VCoreVar/0/Variants/1,0.010360370508732928,0.010198364650995741,0.010485911037691923,0.0003293523115445375,0.0002460319858616521,0.0003902819307811935,Z3,v-->p,V10,0,0.0,0.0,1,0,0,1
Z3/v-->p/V1/Chc/558/numPlain/558/Compression/0.78768235/VCore_Total/2890/VCorePlain/2332/VCoreVar/558/Variants/2,2.6938949943981347,2.667703799391389,2.7248021390761905,0.048144247602440904,0.030903897889775787,0.07956273582849938,Z3,v-->p,V1,558,558.0,0.78768235,2890,2332,558,2
Z3/v-->p/V1*V2/Chc/1322/numPlain/1322/Compression/0.4616535/VCore_Total/3515/VCorePlain/2202/VCoreVar/1313/Variants/4,9.882445325746904,9.763951869808334,9.978728585086667,0.17316473564891713,0.10686481164471136,0.2859473256870088,Z3,v-->p,V1*V2,1322,1322.0,0.4616535,3515,2202,1313,4
Z3/v-->p/V1*V2*V3/Chc/1400/numPlain/1400/Compression/0.23948032/VCore_Total/3532/VCorePlain/2157/VCoreVar/1375/Variants/8,22.300379514080397,22.0483904837,22.576070257991113,0.440825943664118,0.3276098846546376,0.5642518343470498,Z3,v-->p,V1*V2*V3,1400,1400.0,0.23948032,3532,2157,1375,8
Z3/v-->p/V1*V2*V3*V4/Chc/1478/numPlain/1478/Compression/0.12483662/VCore_Total/3580/VCorePlain/2135/VCoreVar/1445/Variants/16,53.835148570685554,52.89703011912222,54.32453211327222,1.1187568563078645,0.5828275591753814,1.6729472132778795,Z3,v-->p,V1*V2*V3*V4,1478,1478.0,0.12483662,3580,2135,1445,16
Yices/v-->v/V1/Chc/0/numPlain/0/Compression/0.0/VCore_Total/1/VCorePlain/0/VCoreVar/0/Variants/1,0.282133615450873,0.27789854246833334,0.2853542570339682,0.006009969896805431,0.00378541472982427,0.008983331150748538,Yices,v-->v,V1,0,0.0,0.0,1,0,0,1
Yices/v-->v/V2/Chc/0/numPlain/0/Compression/0.0/VCore_Total/1/VCorePlain/0/VCoreVar/0/Variants/1,0.38048258420833336,0.37279500371499996,0.392913458115,0.01592434948217274,0.009613889960241236,0.025230318047696217,Yices,v-->v,V2,0,0.0,0.0,1,0,0,1
Yices/v-->v/V3/Chc/0/numPlain/0/Compression/0.0/VCore_Total/1/VCorePlain/0/VCoreVar/0/Variants/1,0.1622074079584127,0.16043554836619048,0.16372330606555557,0.0028279331317947374,0.0018497131682468219,0.0038839393598644988,Yices,v-->v,V3,0,0.0,0.0,1,0,0,1
Yices/v-->v/V4/Chc/0/numPlain/0/Compression/0.0/VCore_Total/1/VCorePlain/0/VCoreVar/0/Variants/1,0.17592166323146824,0.1737806225659127,0.18189095444285713,0.005847398251081753,0.00151940111541299,0.009704977582089288,Yices,v-->v,V4,0,0.0,0.0,1,0,0,1
Yices/v-->v/V5/Chc/0/numPlain/0/Compression/0.0/VCore_Total/1/VCorePlain/0/VCoreVar/0/Variants/1,0.42585259208992066,0.41418710370500006,0.4393438863349206,0.022342763271404744,0.017346760404218994,0.027667071598755904,Yices,v-->v,V5,0,0.0,0.0,1,0,0,1
Yices/v-->v/V6/Chc/0/numPlain/0/Compression/0.0/VCore_Total/1/VCorePlain/0/VCoreVar/0/Variants/1,0.4136188514102381,0.4064185715652381,0.42057544936999997,0.012069198641858197,0.009752678414071977,0.01431714622142526,Yices,v-->v,V6,0,0.0,0.0,1,0,0,1
Yices/v-->v/V7/Chc/0/numPlain/0/Compression/0.0/VCore_Total/1/VCorePlain/0/VCoreVar/0/Variants/1,0.2354591639376984,0.23216345023325397,0.23776996506499998,0.004657190422381799,0.003462199737881431,0.0059088555995456885,Yices,v-->v,V7,0,0.0,0.0,1,0,0,1
Yices/v-->v/V8/Chc/0/numPlain/0/Compression/0.0/VCore_Total/1/VCorePlain/0/VCoreVar/0/Variants/1,0.24286876167277777,0.23926436926,0.2502022423777778,0.008490091048868673,0.0036807563361826836,0.01314275504213515,Yices,v-->v,V8,0,0.0,0.0,1,0,0,1
Yices/v-->v/V9/Chc/0/numPlain/0/Compression/0.0/VCore_Total/1/VCorePlain/0/VCoreVar/0/Variants/1,0.21057487571174605,0.2064811292784127,0.21442213973,0.007115617011030478,0.005006069661292436,0.010526396848791914,Yices,v-->v,V9,0,0.0,0.0,1,0,0,1
Yices/v-->v/V10/Chc/0/numPlain/0/Compression/0.0/VCore_Total/1/VCorePlain/0/VCoreVar/0/Variants/1,0.17176752331734127,0.1697596699511111,0.1766705263454762,0.005163667388183043,0.0023929788150603105,0.008260547123990871,Yices,v-->v,V10,0,0.0,0.0,1,0,0,1
Yices/v-->v/V1/Chc/558/numPlain/558/Compression/0.78768235/VCore_Total/2890/VCorePlain/2332/VCoreVar/558/Variants/2,0.037180868853293324,0.03638799045539096,0.03772872516341575,0.0014050577598634915,0.000928142136665533,0.0022582658662006856,Yices,v-->v,V1,558,558.0,0.78768235,2890,2332,558,2
Yices/v-->v/V1*V2/Chc/1322/numPlain/1322/Compression/0.4616535/VCore_Total/3515/VCorePlain/2202/VCoreVar/1313/Variants/4,0.03483258536380234,0.033670119467279075,0.03536202842946429,0.0015592521802562894,0.0008913922336347399,0.0025282387178141522,Yices,v-->v,V1*V2,1322,1322.0,0.4616535,3515,2202,1313,4
Yices/v-->v/V1*V2*V3/Chc/1400/numPlain/1400/Compression/0.23948032/VCore_Total/3532/VCorePlain/2157/VCoreVar/1375/Variants/8,0.034648063209982906,0.034053756875904735,0.03495222458020191,0.0008790317194322189,0.00043286203701174133,0.0015395188278891267,Yices,v-->v,V1*V2*V3,1400,1400.0,0.23948032,3532,2157,1375,8
Yices/v-->v/V1*V2*V3*V4/Chc/1478/numPlain/1478/Compression/0.12483662/VCore_Total/3580/VCorePlain/2135/VCoreVar/1445/Variants/16,0.03496795570385378,0.03398559831718178,0.035624229594329974,0.001709326858462025,0.0009435157222840115,0.002828026682514241,Yices,v-->v,V1*V2*V3*V4,1478,1478.0,0.12483662,3580,2135,1445,16
Yices/p-->v/V1/Chc/0/numPlain/0/Compression/0.0/VCore_Total/1/VCorePlain/0/VCoreVar/0/Variants/1,0.3426115518002778,0.3341641292175,0.3479299221819444,0.011564347359143455,0.006077360422676797,0.0188463411710096,Yices,p-->v,V1,0,0.0,0.0,1,0,0,1
Yices/p-->v/V2/Chc/0/numPlain/0/Compression/0.0/VCore_Total/1/VCorePlain/0/VCoreVar/0/Variants/1,0.43984893011892856,0.43432318395309527,0.4461264380214286,0.010322140406385643,0.008579020594784704,0.012330656924985186,Yices,p-->v,V2,0,0.0,0.0,1,0,0,1
Yices/p-->v/V3/Chc/0/numPlain/0/Compression/0.0/VCore_Total/1/VCorePlain/0/VCoreVar/0/Variants/1,0.1919270932797222,0.18705299262583336,0.1974141157,0.008412436629218766,0.007317729347606432,0.009696526798091975,Yices,p-->v,V3,0,0.0,0.0,1,0,0,1
Yices/p-->v/V4/Chc/0/numPlain/0/Compression/0.0/VCore_Total/1/VCorePlain/0/VCoreVar/0/Variants/1,0.21090843224349207,0.20637810845277776,0.21812027458015876,0.009287722697737468,0.0054944814561942,0.014816890883732753,Yices,p-->v,V4,0,0.0,0.0,1,0,0,1
Yices/p-->v/V5/Chc/0/numPlain/0/Compression/0.0/VCore_Total/1/VCorePlain/0/VCoreVar/0/Variants/1,0.45651605299888887,0.45037659430611116,0.4661793782738889,0.012476331729217296,0.007503970278508067,0.01974744904685277,Yices,p-->v,V5,0,0.0,0.0,1,0,0,1
Yices/p-->v/V6/Chc/0/numPlain/0/Compression/0.0/VCore_Total/1/VCorePlain/0/VCoreVar/0/Variants/1,0.4654661091315873,0.45130603658714286,0.47680646862380954,0.022664586258119786,0.013507817706164566,0.035970842334431596,Yices,p-->v,V6,0,0.0,0.0,1,0,0,1
Yices/p-->v/V7/Chc/0/numPlain/0/Compression/0.0/VCore_Total/1/VCorePlain/0/VCoreVar/0/Variants/1,0.2553283954179762,0.2516795669708333,0.25950634312797616,0.006206991329071273,0.00432350041585217,0.008225528645291632,Yices,p-->v,V7,0,0.0,0.0,1,0,0,1
Yices/p-->v/V8/Chc/0/numPlain/0/Compression/0.0/VCore_Total/1/VCorePlain/0/VCoreVar/0/Variants/1,0.2728457499734921,0.2650910076647619,0.28181296258777777,0.014553019040391146,0.010811230890672758,0.01917708777805765,Yices,p-->v,V8,0,0.0,0.0,1,0,0,1
Yices/p-->v/V9/Chc/0/numPlain/0/Compression/0.0/VCore_Total/1/VCorePlain/0/VCoreVar/0/Variants/1,0.2341870296699206,0.2272943280249206,0.23806346803214287,0.008971390111933424,0.0039056531051497364,0.01509429685831665,Yices,p-->v,V9,0,0.0,0.0,1,0,0,1
Yices/p-->v/V10/Chc/0/numPlain/0/Compression/0.0/VCore_Total/1/VCorePlain/0/VCoreVar/0/Variants/1,0.18973389143646827,0.18765834802472223,0.19227766955222222,0.003932345538208782,0.0026779026206931963,0.005944148341473784,Yices,p-->v,V10,0,0.0,0.0,1,0,0,1
Yices/p-->v/V1/Chc/0/numPlain/0/Compression/0.0/VCore_Total/2/VCorePlain/0/VCoreVar/0/Variants/1,0.47773642425154766,0.4657023180991667,0.4898022589728572,0.02147488207755456,0.017009143476485675,0.02532481751908844,Yices,p-->v,V1,0,0.0,0.0,2,0,0,1
Yices/p-->v/V1*V2/Chc/0/numPlain/0/Compression/0.0/VCore_Total/4/VCorePlain/0/VCoreVar/0/Variants/1,1.5363082519463493,1.4824815891585714,1.5788881652852382,0.07864338327377335,0.05461021091940942,0.11642914404851533,Yices,p-->v,V1*V2,0,0.0,0.0,4,0,0,1
Yices/p-->v/V1*V2*V3/Chc/0/numPlain/0/Compression/0.0/VCore_Total/8/VCorePlain/0/VCoreVar/0/Variants/1,3.1500703984480163,3.089497295425,3.2124109955591273,0.10171048246149715,0.06600878061260013,0.1549533328143291,Yices,p-->v,V1*V2*V3,0,0.0,0.0,8,0,0,1
Yices/p-->v/V1*V2*V3*V4/Chc/0/numPlain/0/Compression/0.0/VCore_Total/16/VCorePlain/0/VCoreVar/0/Variants/1,7.746822368314881,7.669734667114881,7.837490954665358,0.14538844842172557,0.095961656180748,0.20654470714453418,Yices,p-->v,V1*V2*V3*V4,0,0.0,0.0,16,0,0,1
Yices/p-->p/V1/Chc/0/numPlain/0/Compression/0.0/VCore_Total/1/VCorePlain/0/VCoreVar/0/Variants/1,0.47713935606075397,0.4637317141351588,0.48855527085083333,0.02065709974871531,0.014376637696821438,0.030135358291491963,Yices,p-->p,V1,0,0.0,0.0,1,0,0,1
Yices/p-->p/V2/Chc/0/numPlain/0/Compression/0.0/VCore_Total/1/VCorePlain/0/VCoreVar/0/Variants/1,0.6516576522253968,0.6371189402523016,0.6784753033230159,0.03174645759993674,0.015767919244877197,0.05132019384209992,Yices,p-->p,V2,0,0.0,0.0,1,0,0,1
Yices/p-->p/V3/Chc/0/numPlain/0/Compression/0.0/VCore_Total/1/VCorePlain/0/VCoreVar/0/Variants/1,0.24260425511051587,0.23857167414638888,0.24713369569428573,0.0072670743571610985,0.005811540742874694,0.009925660890177306,Yices,p-->p,V3,0,0.0,0.0,1,0,0,1
Yices/p-->p/V4/Chc/0/numPlain/0/Compression/0.0/VCore_Total/1/VCorePlain/0/VCoreVar/0/Variants/1,0.2618241009292063,0.2533662557964286,0.26645468116888893,0.010413591527059772,0.006248774334292604,0.016227551376111884,Yices,p-->p,V4,0,0.0,0.0,1,0,0,1
Yices/p-->p/V5/Chc/0/numPlain/0/Compression/0.0/VCore_Total/1/VCorePlain/0/VCoreVar/0/Variants/1,0.6347645847388492,0.6267536549063493,0.641878847643254,0.013210865915497786,0.010511345559538431,0.01735060804557935,Yices,p-->p,V5,0,0.0,0.0,1,0,0,1
Yices/p-->p/V6/Chc/0/numPlain/0/Compression/0.0/VCore_Total/1/VCorePlain/0/VCoreVar/0/Variants/1,0.6210744501682143,0.6110445706232144,0.6277699824033334,0.013319225938083457,0.008046081858241098,0.020415849427228547,Yices,p-->p,V6,0,0.0,0.0,1,0,0,1
Yices/p-->p/V7/Chc/0/numPlain/0/Compression/0.0/VCore_Total/1/VCorePlain/0/VCoreVar/0/Variants/1,0.3430855932486111,0.3382858014111111,0.34969613124472226,0.00927373310714864,0.006611656896852902,0.012842029744214988,Yices,p-->p,V7,0,0.0,0.0,1,0,0,1
Yices/p-->p/V8/Chc/0/numPlain/0/Compression/0.0/VCore_Total/1/VCorePlain/0/VCoreVar/0/Variants/1,0.3604513162068254,0.3541479608827778,0.3655687083934921,0.00935383474538721,0.007169306213813064,0.011540025407116392,Yices,p-->p,V8,0,0.0,0.0,1,0,0,1
Yices/p-->p/V9/Chc/0/numPlain/0/Compression/0.0/VCore_Total/1/VCorePlain/0/VCoreVar/0/Variants/1,0.2879261395518651,0.2814719381152778,0.292594545775,0.009500727668255958,0.0059087487632662845,0.016353359845816526,Yices,p-->p,V9,0,0.0,0.0,1,0,0,1
Yices/p-->p/V10/Chc/0/numPlain/0/Compression/0.0/VCore_Total/1/VCorePlain/0/VCoreVar/0/Variants/1,0.24603477751603173,0.23924561421999999,0.24888336299380956,0.0070804164897501284,0.0024455381005735405,0.011508300161111937,Yices,p-->p,V10,0,0.0,0.0,1,0,0,1
Yices/p-->p/V1/Chc/0/numPlain/0/Compression/0.0/VCore_Total/2/VCorePlain/0/VCoreVar/0/Variants/1,0.597507703389127,0.590127917904127,0.6038085214485714,0.011769382960390594,0.008457589543575153,0.01585036147006836,Yices,p-->p,V1,0,0.0,0.0,2,0,0,1
Yices/p-->p/V1*V2/Chc/0/numPlain/0/Compression/0.0/VCore_Total/4/VCorePlain/0/VCoreVar/0/Variants/1,2.6196773270649207,2.360620986937222,2.820794297319762,0.40181404685801253,0.27618515120077664,0.45884342433645714,Yices,p-->p,V1*V2,0,0.0,0.0,4,0,0,1
Yices/p-->p/V1*V2*V3/Chc/0/numPlain/0/Compression/0.0/VCore_Total/8/VCorePlain/0/VCoreVar/0/Variants/1,6.708033724176151,6.607418931235318,6.84064109008754,0.19443365315752104,0.1038048807092876,0.25708226896990644,Yices,p-->p,V1*V2*V3,0,0.0,0.0,8,0,0,1
Yices/p-->p/V1*V2*V3*V4/Chc/0/numPlain/0/Compression/0.0/VCore_Total/16/VCorePlain/0/VCoreVar/0/Variants/1,29.257115915451628,28.652515288555556,29.732248218614963,0.904768042395191,0.6791926184412392,1.2750560313396895,Yices,p-->p,V1*V2*V3*V4,0,0.0,0.0,16,0,0,1
Yices/v-->p/V1/Chc/0/numPlain/0/Compression/0.0/VCore_Total/1/VCorePlain/0/VCoreVar/0/Variants/1,0.004571411726407923,0.004536565030291923,0.00461373940905994,0.00010868292402046243,8.584159190204792e-5,0.00014306549856746593,Yices,v-->p,V1,0,0.0,0.0,1,0,0,1
Yices/v-->p/V2/Chc/0/numPlain/0/Compression/0.0/VCore_Total/1/VCorePlain/0/VCoreVar/0/Variants/1,0.004643761934505997,0.004593857316672963,0.004694894762310437,0.00014130122097597792,0.00011257861852610461,0.00019551061637360152,Yices,v-->p,V2,0,0.0,0.0,1,0,0,1
Yices/v-->p/V3/Chc/0/numPlain/0/Compression/0.0/VCore_Total/1/VCorePlain/0/VCoreVar/0/Variants/1,0.004628131586334668,0.004570770990407396,0.004674820025477096,0.00014006506265413623,0.00011218919466857884,0.00017102265645832274,Yices,v-->p,V3,0,0.0,0.0,1,0,0,1
Yices/v-->p/V4/Chc/0/numPlain/0/Compression/0.0/VCore_Total/1/VCorePlain/0/VCoreVar/0/Variants/1,0.004680176999920147,0.004628380403671874,0.004727940414949373,0.00014494244120434526,0.00011789939672802221,0.00017727999309757617,Yices,v-->p,V4,0,0.0,0.0,1,0,0,1
Yices/v-->p/V5/Chc/0/numPlain/0/Compression/0.0/VCore_Total/1/VCorePlain/0/VCoreVar/0/Variants/1,0.004741028646023792,0.0046754315374680465,0.004816722435478023,0.0001960052168132798,0.00015002208498242608,0.00027961435979853555,Yices,v-->p,V5,0,0.0,0.0,1,0,0,1
Yices/v-->p/V6/Chc/0/numPlain/0/Compression/0.0/VCore_Total/1/VCorePlain/0/VCoreVar/0/Variants/1,0.0046880393155727,0.004615642990961073,0.004740232688487275,0.0001663871870702279,0.00011784121144996597,0.0002545553249382639,Yices,v-->p,V6,0,0.0,0.0,1,0,0,1
Yices/v-->p/V7/Chc/0/numPlain/0/Compression/0.0/VCore_Total/1/VCorePlain/0/VCoreVar/0/Variants/1,0.004632057908046187,0.0045722386630336785,0.00468131560612906,0.0001530434594869934,0.00010540074682424132,0.00025224533230580457,Yices,v-->p,V7,0,0.0,0.0,1,0,0,1
Yices/v-->p/V8/Chc/0/numPlain/0/Compression/0.0/VCore_Total/1/VCorePlain/0/VCoreVar/0/Variants/1,0.004662220102888994,0.004625321112592066,0.004695484933245273,9.89398733628163e-5,8.066132909294729e-5,0.0001265461341522434,Yices,v-->p,V8,0,0.0,0.0,1,0,0,1
Yices/v-->p/V9/Chc/0/numPlain/0/Compression/0.0/VCore_Total/1/VCorePlain/0/VCoreVar/0/Variants/1,0.004601785441282522,0.004540994550851487,0.004648989738801882,0.0001625447264713027,0.00011769093261622983,0.0002427445908023007,Yices,v-->p,V9,0,0.0,0.0,1,0,0,1
Yices/v-->p/V10/Chc/0/numPlain/0/Compression/0.0/VCore_Total/1/VCorePlain/0/VCoreVar/0/Variants/1,0.004554156368542237,0.0044882950428716565,0.004593037472228488,0.00013828366636856032,8.996243104256742e-5,0.00024393763373451916,Yices,v-->p,V10,0,0.0,0.0,1,0,0,1
Yices/v-->p/V1/Chc/558/numPlain/558/Compression/0.78768235/VCore_Total/2890/VCorePlain/2332/VCoreVar/558/Variants/2,1.1101630010113097,1.0933351953021428,1.1230560171842856,0.026510732480073376,0.017081841975177526,0.04977701698422897,Yices,v-->p,V1,558,558.0,0.78768235,2890,2332,558,2
Yices/v-->p/V1*V2/Chc/1322/numPlain/1322/Compression/0.4616535/VCore_Total/3515/VCorePlain/2202/VCoreVar/1313/Variants/4,4.196770296962976,4.157233319256667,4.233555828480952,0.06405750636664506,0.04343691004434933,0.08696093807402396,Yices,v-->p,V1*V2,1322,1322.0,0.4616535,3515,2202,1313,4
Yices/v-->p/V1*V2*V3/Chc/1400/numPlain/1400/Compression/0.23948032/VCore_Total/3532/VCorePlain/2157/VCoreVar/1375/Variants/8,9.99864945323254,9.813657216009444,10.082376652258414,0.20845538609639547,0.08704884419171004,0.3552372481582665,Yices,v-->p,V1*V2*V3,1400,1400.0,0.23948032,3532,2157,1375,8
Yices/v-->p/V1*V2*V3*V4/Chc/1478/numPlain/1478/Compression/0.12483662/VCore_Total/3580/VCorePlain/2135/VCoreVar/1445/Variants/16,33.725476004505516,29.769514884059685,35.44181843999361,4.107787357113222,2.1285967283770315,6.268568193941382,Yices,v-->p,V1*V2*V3*V4,1478,1478.0,0.12483662,3580,2135,1445,16
Boolector/v-->v/V1/Chc/0/numPlain/0/Compression/0.0/VCore_Total/1/VCorePlain/0/VCoreVar/0/Variants/1,1.4370637716873809,1.4150086362857144,1.4542283111230954,0.032544053531834295,0.020191372124069122,0.04393954150956755,Boolector,v-->v,V1,0,0.0,0.0,1,0,0,1
Boolector/v-->v/V2/Chc/0/numPlain/0/Compression/0.0/VCore_Total/1/VCorePlain/0/VCoreVar/0/Variants/1,1.9860966710296033,1.9562973144423812,2.0353095323840478,0.06591397352168864,0.03826365861042691,0.09905024318642666,Boolector,v-->v,V2,0,0.0,0.0,1,0,0,1
Boolector/v-->v/V3/Chc/0/numPlain/0/Compression/0.0/VCore_Total/1/VCorePlain/0/VCoreVar/0/Variants/1,0.8708042304714286,0.8591170518580953,0.8874478689483334,0.023567202355593828,0.01743238336774689,0.03119992230694256,Boolector,v-->v,V3,0,0.0,0.0,1,0,0,1
Boolector/v-->v/V4/Chc/0/numPlain/0/Compression/0.0/VCore_Total/1/VCorePlain/0/VCoreVar/0/Variants/1,0.929358940007619,0.9162937017659523,0.9399078799642858,0.02018085634276408,0.014088336177874786,0.030685805402588726,Boolector,v-->v,V4,0,0.0,0.0,1,0,0,1
Boolector/v-->v/V5/Chc/0/numPlain/0/Compression/0.0/VCore_Total/1/VCorePlain/0/VCoreVar/0/Variants/1,1.9334669611780952,1.9091680308499999,1.9547320700900002,0.03617834833978957,0.025452379215214763,0.054791902351978956,Boolector,v-->v,V5,0,0.0,0.0,1,0,0,1
Boolector/v-->v/V6/Chc/0/numPlain/0/Compression/0.0/VCore_Total/1/VCorePlain/0/VCoreVar/0/Variants/1,1.8959257764362303,1.8748469384787303,1.9083427210569444,0.027484397054436168,0.015403811138560064,0.041397128433709886,Boolector,v-->v,V6,0,0.0,0.0,1,0,0,1
Boolector/v-->v/V7/Chc/0/numPlain/0/Compression/0.0/VCore_Total/1/VCorePlain/0/VCoreVar/0/Variants/1,1.1503267366809524,1.140403845547619,1.16312160312,0.019815695496145955,0.010677320787100075,0.02943269671906872,Boolector,v-->v,V7,0,0.0,0.0,1,0,0,1
Boolector/v-->v/V8/Chc/0/numPlain/0/Compression/0.0/VCore_Total/1/VCorePlain/0/VCoreVar/0/Variants/1,1.1873699919801983,1.173125228852976,1.2079560108225,0.030425436208751218,0.016899502607379838,0.04322969023166996,Boolector,v-->v,V8,0,0.0,0.0,1,0,0,1
Boolector/v-->v/V9/Chc/0/numPlain/0/Compression/0.0/VCore_Total/1/VCorePlain/0/VCoreVar/0/Variants/1,0.9857580990983333,0.9744510909016666,1.0038877524466667,0.024787938502459483,0.012443864410023866,0.034402164293905226,Boolector,v-->v,V9,0,0.0,0.0,1,0,0,1
Boolector/v-->v/V10/Chc/0/numPlain/0/Compression/0.0/VCore_Total/1/VCorePlain/0/VCoreVar/0/Variants/1,0.8563845519900397,0.8505573457011112,0.8602912160744445,0.007921327095122561,0.004983941365982901,0.012563943817883002,Boolector,v-->v,V10,0,0.0,0.0,1,0,0,1
Boolector/v-->v/V1/Chc/558/numPlain/558/Compression/0.78768235/VCore_Total/2890/VCorePlain/2332/VCoreVar/558/Variants/2,0.1813519083902381,0.18018654842499998,0.18270044801833335,0.0020804199751024897,0.001517415741547795,0.0028098683209913235,Boolector,v-->v,V1,558,558.0,0.78768235,2890,2332,558,2
Boolector/v-->v/V1*V2/Chc/1322/numPlain/1322/Compression/0.4616535/VCore_Total/3515/VCorePlain/2202/VCoreVar/1313/Variants/4,0.16413952302928572,0.16316646979,0.16563770950666667,0.0020382170671480204,0.0009371292984450316,0.0027262336107692618,Boolector,v-->v,V1*V2,1322,1322.0,0.4616535,3515,2202,1313,4
Boolector/v-->v/V1*V2*V3/Chc/1400/numPlain/1400/Compression/0.23948032/VCore_Total/3532/VCorePlain/2157/VCoreVar/1375/Variants/8,0.1643104928215476,0.16339273730904763,0.16573349303166668,0.0019505154801056708,0.0013173735229771492,0.002562113857041117,Boolector,v-->v,V1*V2*V3,1400,1400.0,0.23948032,3532,2157,1375,8
Boolector/v-->v/V1*V2*V3*V4/Chc/1478/numPlain/1478/Compression/0.12483662/VCore_Total/3580/VCorePlain/2135/VCoreVar/1445/Variants/16,0.1611001306107143,0.1595225897247619,0.1631717991297619,0.003154671020970622,0.002170638417507677,0.004609951121156153,Boolector,v-->v,V1*V2*V3*V4,1478,1478.0,0.12483662,3580,2135,1445,16
Boolector/p-->v/V1/Chc/0/numPlain/0/Compression/0.0/VCore_Total/1/VCorePlain/0/VCoreVar/0/Variants/1,1.449341701982103,1.4394190037199999,1.4748870216005556,0.025384107049803043,0.009685029528669838,0.04300484735076567,Boolector,p-->v,V1,0,0.0,0.0,1,0,0,1
Boolector/p-->v/V2/Chc/0/numPlain/0/Compression/0.0/VCore_Total/1/VCorePlain/0/VCoreVar/0/Variants/1,1.9031669942686509,1.8729334164514284,1.9186733544033334,0.034496398352575626,0.01703416701214305,0.05353084040958302,Boolector,p-->v,V2,0,0.0,0.0,1,0,0,1
Boolector/p-->v/V3/Chc/0/numPlain/0/Compression/0.0/VCore_Total/1/VCorePlain/0/VCoreVar/0/Variants/1,0.8481294793484524,0.8362374466041667,0.8593590407419048,0.01910497182778708,0.01326330941950758,0.02993822084069415,Boolector,p-->v,V3,0,0.0,0.0,1,0,0,1
Boolector/p-->v/V4/Chc/0/numPlain/0/Compression/0.0/VCore_Total/1/VCorePlain/0/VCoreVar/0/Variants/1,0.9331341769117858,0.923431279345238,0.9405450996194048,0.014404207001707216,0.009564289667186714,0.021166339355215273,Boolector,p-->v,V4,0,0.0,0.0,1,0,0,1
Boolector/p-->v/V5/Chc/0/numPlain/0/Compression/0.0/VCore_Total/1/VCorePlain/0/VCoreVar/0/Variants/1,1.9283585616869048,1.9158652223785715,1.941577984562143,0.0228333440382621,0.017583806657187333,0.029005202251021718,Boolector,p-->v,V5,0,0.0,0.0,1,0,0,1
Boolector/p-->v/V6/Chc/0/numPlain/0/Compression/0.0/VCore_Total/1/VCorePlain/0/VCoreVar/0/Variants/1,1.8767975992275794,1.843820370459524,1.8998150907400793,0.045910518655342396,0.030606311944218603,0.0678365019899423,Boolector,p-->v,V6,0,0.0,0.0,1,0,0,1
Boolector/p-->v/V7/Chc/0/numPlain/0/Compression/0.0/VCore_Total/1/VCorePlain/0/VCoreVar/0/Variants/1,1.1211615894477778,1.1109146504666667,1.1348990473233334,0.020976910319507377,0.013589117051724962,0.030715199465345976,Boolector,p-->v,V7,0,0.0,0.0,1,0,0,1
Boolector/p-->v/V8/Chc/0/numPlain/0/Compression/0.0/VCore_Total/1/VCorePlain/0/VCoreVar/0/Variants/1,1.1573363488724602,1.1466165465466667,1.1675599295024603,0.018310202517517145,0.013335246931085202,0.024661472089770414,Boolector,p-->v,V8,0,0.0,0.0,1,0,0,1
Boolector/p-->v/V9/Chc/0/numPlain/0/Compression/0.0/VCore_Total/1/VCorePlain/0/VCoreVar/0/Variants/1,0.9596318498768254,0.9570878596833333,0.961831960068254,0.004010592555122545,0.0034506788661611953,0.0046321576505327245,Boolector,p-->v,V9,0,0.0,0.0,1,0,0,1
Boolector/p-->v/V10/Chc/0/numPlain/0/Compression/0.0/VCore_Total/1/VCorePlain/0/VCoreVar/0/Variants/1,0.8496825583753175,0.8364854245047619,0.860378648425,0.019917174206574583,0.015626659161431727,0.02674571905229481,Boolector,p-->v,V10,0,0.0,0.0,1,0,0,1
Boolector/p-->v/V1/Chc/0/numPlain/0/Compression/0.0/VCore_Total/2/VCorePlain/0/VCoreVar/0/Variants/1,1.9854417486451588,1.9690591768761112,1.9937143783384923,0.018890502662928202,0.008286526863880104,0.033718894813485355,Boolector,p-->v,V1,0,0.0,0.0,2,0,0,1
Boolector/p-->v/V1*V2/Chc/0/numPlain/0/Compression/0.0/VCore_Total/4/VCorePlain/0/VCoreVar/0/Variants/1,6.266923143504365,6.233465361632698,6.296962994738889,0.05468203450633775,0.03800813778455766,0.0797196276322997,Boolector,p-->v,V1*V2,0,0.0,0.0,4,0,0,1
Boolector/p-->v/V1*V2*V3/Chc/0/numPlain/0/Compression/0.0/VCore_Total/8/VCorePlain/0/VCoreVar/0/Variants/1,13.096524874074285,13.024702031090001,13.178977876344286,0.13621451564567943,0.1023534297906933,0.17970358311330922,Boolector,p-->v,V1*V2*V3,0,0.0,0.0,8,0,0,1
Boolector/p-->v/V1*V2*V3*V4/Chc/0/numPlain/0/Compression/0.0/VCore_Total/16/VCorePlain/0/VCoreVar/0/Variants/1,27.871942894324167,27.805608579263332,27.940547071536667,0.12001196564232983,0.08653191071431456,0.1926414292229151,Boolector,p-->v,V1*V2*V3*V4,0,0.0,0.0,16,0,0,1
Boolector/p-->p/V1/Chc/0/numPlain/0/Compression/0.0/VCore_Total/1/VCorePlain/0/VCoreVar/0/Variants/1,1.893509137851865,1.8756757224337304,1.9213965103513888,0.03840625125087171,0.016394870656895297,0.05427136070398528,Boolector,p-->p,V1,0,0.0,0.0,1,0,0,1
Boolector/p-->p/V2/Chc/0/numPlain/0/Compression/0.0/VCore_Total/1/VCorePlain/0/VCoreVar/0/Variants/1,2.5209164829514683,2.502939974077857,2.5502138545947224,0.03891365162114154,0.021624388660429702,0.060303227609771005,Boolector,p-->p,V2,0,0.0,0.0,1,0,0,1
Boolector/p-->p/V3/Chc/0/numPlain/0/Compression/0.0/VCore_Total/1/VCorePlain/0/VCoreVar/0/Variants/1,1.0140670738137698,1.005699207472381,1.0287621621475,0.017779114367455693,0.007226784796372603,0.029484539907986922,Boolector,p-->p,V3,0,0.0,0.0,1,0,0,1
Boolector/p-->p/V4/Chc/0/numPlain/0/Compression/0.0/VCore_Total/1/VCorePlain/0/VCoreVar/0/Variants/1,1.1007590725411112,1.0958499856988888,1.11224280353,0.012085115630037727,0.00418803040898089,0.019176429072250752,Boolector,p-->p,V4,0,0.0,0.0,1,0,0,1
Boolector/p-->p/V5/Chc/0/numPlain/0/Compression/0.0/VCore_Total/1/VCorePlain/0/VCoreVar/0/Variants/1,2.5118915309603573,2.49290836702,2.5241333431432142,0.02493019658830991,0.014724656452546081,0.03764970815301054,Boolector,p-->p,V5,0,0.0,0.0,1,0,0,1
Boolector/p-->p/V6/Chc/0/numPlain/0/Compression/0.0/VCore_Total/1/VCorePlain/0/VCoreVar/0/Variants/1,2.4628517110524206,2.4492282931620633,2.4973659604644443,0.0366918263597695,0.011217473448165365,0.059703835664422375,Boolector,p-->p,V6,0,0.0,0.0,1,0,0,1
Boolector/p-->p/V7/Chc/0/numPlain/0/Compression/0.0/VCore_Total/1/VCorePlain/0/VCoreVar/0/Variants/1,1.4198889633667462,1.405008164459524,1.431547173224127,0.02251811921172315,0.013607422528904184,0.036033235793175945,Boolector,p-->p,V7,0,0.0,0.0,1,0,0,1
Boolector/p-->p/V8/Chc/0/numPlain/0/Compression/0.0/VCore_Total/1/VCorePlain/0/VCoreVar/0/Variants/1,1.4604299334133333,1.4511027383666666,1.46560118821,0.011727292290971532,0.005599319002188828,0.018474662575828527,Boolector,p-->p,V8,0,0.0,0.0,1,0,0,1
Boolector/p-->p/V9/Chc/0/numPlain/0/Compression/0.0/VCore_Total/1/VCorePlain/0/VCoreVar/0/Variants/1,1.1502967009065874,1.1393823715983333,1.1574310382398412,0.015264838221522607,0.00943215877257235,0.021864297220010844,Boolector,p-->p,V9,0,0.0,0.0,1,0,0,1
Boolector/p-->p/V10/Chc/0/numPlain/0/Compression/0.0/VCore_Total/1/VCorePlain/0/VCoreVar/0/Variants/1,0.9831784744527777,0.9790573669277778,0.9874642345361112,0.007017314347024634,0.005105112874168466,0.01045928331741925,Boolector,p-->p,V10,0,0.0,0.0,1,0,0,1
Boolector/p-->p/V1/Chc/0/numPlain/0/Compression/0.0/VCore_Total/2/VCorePlain/0/VCoreVar/0/Variants/1,2.431934295785357,2.4184868322490476,2.46360208911,0.034043380384640685,0.01115386751771106,0.05536067726829033,Boolector,p-->p,V1,0,0.0,0.0,2,0,0,1
Boolector/p-->p/V1*V2/Chc/0/numPlain/0/Compression/0.0/VCore_Total/4/VCorePlain/0/VCoreVar/0/Variants/1,8.044322332409168,8.008744666171667,8.089784817898334,0.06618519168714126,0.049251977533442216,0.08838256134569784,Boolector,p-->p,V1*V2,0,0.0,0.0,4,0,0,1
Boolector/p-->p/V1*V2*V3/Chc/0/numPlain/0/Compression/0.0/VCore_Total/8/VCorePlain/0/VCoreVar/0/Variants/1,17.519311821860953,17.450556752258333,17.569728692585,0.09992882362820307,0.060444865335314193,0.14955646280917928,Boolector,p-->p,V1*V2*V3,0,0.0,0.0,8,0,0,1
Boolector/p-->p/V1*V2*V3*V4/Chc/0/numPlain/0/Compression/0.0/VCore_Total/16/VCorePlain/0/VCoreVar/0/Variants/1,40.351965663078374,40.2024757107175,40.528780097053335,0.2737853586975608,0.19914952685211731,0.3779184975721469,Boolector,p-->p,V1*V2*V3*V4,0,0.0,0.0,16,0,0,1
Boolector/v-->p/V1/Chc/0/numPlain/0/Compression/0.0/VCore_Total/1/VCorePlain/0/VCoreVar/0/Variants/1,0.005854933752759227,0.0057960127087083035,0.0058935267765856504,0.00012255935058129786,7.905648317750544e-5,0.00016928065434301145,Boolector,v-->p,V1,0,0.0,0.0,1,0,0,1
Boolector/v-->p/V2/Chc/0/numPlain/0/Compression/0.0/VCore_Total/1/VCorePlain/0/VCoreVar/0/Variants/1,0.005824484772119661,0.0057599004820164945,0.005863873111357979,0.00012575898562012486,8.453138798462996e-5,0.00016813605867235914,Boolector,v-->p,V2,0,0.0,0.0,1,0,0,1
Boolector/v-->p/V3/Chc/0/numPlain/0/Compression/0.0/VCore_Total/1/VCorePlain/0/VCoreVar/0/Variants/1,0.0060529359908897086,0.005910804905742473,0.006300070654938663,0.00047867101826700115,0.0003163452631818322,0.0006301866003827263,Boolector,v-->p,V3,0,0.0,0.0,1,0,0,1
Boolector/v-->p/V4/Chc/0/numPlain/0/Compression/0.0/VCore_Total/1/VCorePlain/0/VCoreVar/0/Variants/1,0.006216853133890428,0.006032482551817164,0.006459041279035852,0.0005652044982585914,0.0004616639406566483,0.0007715967558447958,Boolector,v-->p,V4,0,0.0,0.0,1,0,0,1
Boolector/v-->p/V5/Chc/0/numPlain/0/Compression/0.0/VCore_Total/1/VCorePlain/0/VCoreVar/0/Variants/1,0.006470191136655288,0.006246987797299285,0.006794828457390585,0.0006676850548014734,0.0005104069079177617,0.0009641562784594162,Boolector,v-->p,V5,0,0.0,0.0,1,0,0,1
Boolector/v-->p/V6/Chc/0/numPlain/0/Compression/0.0/VCore_Total/1/VCorePlain/0/VCoreVar/0/Variants/1,0.005831326855366736,0.005777213519689914,0.0058730642486100335,0.0001268494745742528,8.533623025623294e-5,0.00017006670640546694,Boolector,v-->p,V6,0,0.0,0.0,1,0,0,1
Boolector/v-->p/V7/Chc/0/numPlain/0/Compression/0.0/VCore_Total/1/VCorePlain/0/VCoreVar/0/Variants/1,0.005811443022035529,0.005754741409248547,0.005846225860108713,0.00011469542243229413,8.088426008042071e-5,0.00015523694158554063,Boolector,v-->p,V7,0,0.0,0.0,1,0,0,1
Boolector/v-->p/V8/Chc/0/numPlain/0/Compression/0.0/VCore_Total/1/VCorePlain/0/VCoreVar/0/Variants/1,0.005848872457990362,0.005780441115997487,0.005933024054119395,0.00020346457991630317,0.0001447401089846858,0.00026313900676638836,Boolector,v-->p,V8,0,0.0,0.0,1,0,0,1
Boolector/v-->p/V9/Chc/0/numPlain/0/Compression/0.0/VCore_Total/1/VCorePlain/0/VCoreVar/0/Variants/1,0.005781399205866422,0.005728912532466015,0.005822436720484567,0.00012193588568757487,8.813048677812748e-5,0.0001622345817726094,Boolector,v-->p,V9,0,0.0,0.0,1,0,0,1
Boolector/v-->p/V10/Chc/0/numPlain/0/Compression/0.0/VCore_Total/1/VCorePlain/0/VCoreVar/0/Variants/1,0.006007795110726134,0.005896807713712744,0.006090901857982418,0.00024503867104898796,0.00018954763764360332,0.00032158936621432894,Boolector,v-->p,V10,0,0.0,0.0,1,0,0,1
Boolector/v-->p/V1/Chc/558/numPlain/558/Compression/0.78768235/VCore_Total/2890/VCorePlain/2332/VCoreVar/558/Variants/2,1.5624995594803175,1.5519697632533334,1.576237590406984,0.020289093709572034,0.013078575183940979,0.029485278138523408,Boolector,v-->p,V1,558,558.0,0.78768235,2890,2332,558,2
Boolector/v-->p/V1*V2/Chc/1322/numPlain/1322/Compression/0.4616535/VCore_Total/3515/VCorePlain/2202/VCoreVar/1313/Variants/4,5.645816177447857,5.5745696472783335,5.701687616240714,0.11204703974765759,0.06365014014298295,0.1492870398278214,Boolector,v-->p,V1*V2,1322,1322.0,0.4616535,3515,2202,1313,4
Boolector/v-->p/V1*V2*V3/Chc/1400/numPlain/1400/Compression/0.23948032/VCore_Total/3532/VCorePlain/2157/VCoreVar/1375/Variants/8,13.046981959374207,12.83636497750754,13.167662379663096,0.26489495337085683,0.06188380769073587,0.36723362156880834,Boolector,v-->p,V1*V2*V3,1400,1400.0,0.23948032,3532,2157,1375,8
Boolector/v-->p/V1*V2*V3*V4/Chc/1478/numPlain/1478/Compression/0.12483662/VCore_Total/3580/VCorePlain/2135/VCoreVar/1445/Variants/16,32.96449895314492,32.59007509954445,33.2789412028831,0.5612743162531448,0.3630004428641478,0.9452982425763921,Boolector,v-->p,V1*V2*V3*V4,1478,1478.0,0.12483662,3580,2135,1445,16
CVC4/v-->v/V1/Chc/0/numPlain/0/Compression/0.0/VCore_Total/1/VCorePlain/0/VCoreVar/0/Variants/1,1.8693526633197621,1.8446610594616666,1.8904884529995236,0.03836112618043092,0.02285908386636988,0.059110505787083996,CVC4,v-->v,V1,0,0.0,0.0,1,0,0,1
CVC4/v-->v/V2/Chc/0/numPlain/0/Compression/0.0/VCore_Total/1/VCorePlain/0/VCoreVar/0/Variants/1,2.6118323450053573,2.590510253547381,2.6391817235440476,0.040610255742491774,0.027833022911695877,0.060565435849250664,CVC4,v-->v,V2,0,0.0,0.0,1,0,0,1
CVC4/v-->v/V3/Chc/0/numPlain/0/Compression/0.0/VCore_Total/1/VCorePlain/0/VCoreVar/0/Variants/1,1.1001839787472618,1.083728123403095,1.1154344218025,0.02711465141331837,0.019510613134310045,0.03555774452769746,CVC4,v-->v,V3,0,0.0,0.0,1,0,0,1
CVC4/v-->v/V4/Chc/0/numPlain/0/Compression/0.0/VCore_Total/1/VCorePlain/0/VCoreVar/0/Variants/1,1.18985247901377,1.1802591673355556,1.2065591196204364,0.020152378762911816,0.008471436018933772,0.026595909638609385,CVC4,v-->v,V4,0,0.0,0.0,1,0,0,1
CVC4/v-->v/V5/Chc/0/numPlain/0/Compression/0.0/VCore_Total/1/VCorePlain/0/VCoreVar/0/Variants/1,2.5718023949923015,2.537355813157778,2.603943045187381,0.05599053178142887,0.04256892323706679,0.07674354831979303,CVC4,v-->v,V5,0,0.0,0.0,1,0,0,1
CVC4/v-->v/V6/Chc/0/numPlain/0/Compression/0.0/VCore_Total/1/VCorePlain/0/VCoreVar/0/Variants/1,2.5457954586240477,2.5096073603190474,2.5862607179038095,0.06631066673416404,0.04540316417808728,0.09626759095561041,CVC4,v-->v,V6,0,0.0,0.0,1,0,0,1
CVC4/v-->v/V7/Chc/0/numPlain/0/Compression/0.0/VCore_Total/1/VCorePlain/0/VCoreVar/0/Variants/1,1.47090793454127,1.4529097907783333,1.487977897733492,0.028407622686943117,0.017810679771098084,0.040982550321180394,CVC4,v-->v,V7,0,0.0,0.0,1,0,0,1
CVC4/v-->v/V8/Chc/0/numPlain/0/Compression/0.0/VCore_Total/1/VCorePlain/0/VCoreVar/0/Variants/1,1.5166034192911906,1.5058493069766667,1.5319407543223809,0.02071984767519287,0.014029944937365462,0.030346728108359162,CVC4,v-->v,V8,0,0.0,0.0,1,0,0,1
CVC4/v-->v/V9/Chc/0/numPlain/0/Compression/0.0/VCore_Total/1/VCorePlain/0/VCoreVar/0/Variants/1,1.249686988448492,1.2389372964434922,1.2620425512471427,0.019711577416119425,0.014832370856140727,0.0265155923668424,CVC4,v-->v,V9,0,0.0,0.0,1,0,0,1
CVC4/v-->v/V10/Chc/0/numPlain/0/Compression/0.0/VCore_Total/1/VCorePlain/0/VCoreVar/0/Variants/1,1.0898266372389285,1.0770152395216666,1.1067268910922619,0.02474258466462744,0.016331182099932576,0.035861811296626106,CVC4,v-->v,V10,0,0.0,0.0,1,0,0,1
CVC4/v-->v/V1/Chc/558/numPlain/558/Compression/0.78768235/VCore_Total/2890/VCorePlain/2332/VCoreVar/558/Variants/2,0.19505498576817462,0.19326957231857142,0.19722735316611112,0.003323775030608985,0.0027678313525142883,0.0038838451664762116,CVC4,v-->v,V1,558,558.0,0.78768235,2890,2332,558,2
CVC4/v-->v/V1*V2/Chc/1322/numPlain/1322/Compression/0.4616535/VCore_Total/3515/VCorePlain/2202/VCoreVar/1313/Variants/4,0.17895031038222223,0.17788304755,0.18096607951555554,0.0023889951633792768,0.001327113544139241,0.0035072222009390384,CVC4,v-->v,V1*V2,1322,1322.0,0.4616535,3515,2202,1313,4
CVC4/v-->v/V1*V2*V3/Chc/1400/numPlain/1400/Compression/0.23948032/VCore_Total/3532/VCorePlain/2157/VCoreVar/1375/Variants/8,0.17900757611920634,0.1781946789142857,0.1805501569147619,0.0018365021550487014,0.000900767399095206,0.002393659733193591,CVC4,v-->v,V1*V2*V3,1400,1400.0,0.23948032,3532,2157,1375,8
CVC4/v-->v/V1*V2*V3*V4/Chc/1478/numPlain/1478/Compression/0.12483662/VCore_Total/3580/VCorePlain/2135/VCoreVar/1445/Variants/16,0.17669799893373014,0.17571897645357143,0.17800827323039684,0.0019500436353781221,0.0012889609589555795,0.0028101293291140205,CVC4,v-->v,V1*V2*V3*V4,1478,1478.0,0.12483662,3580,2135,1445,16
CVC4/p-->v/V1/Chc/0/numPlain/0/Compression/0.0/VCore_Total/1/VCorePlain/0/VCoreVar/0/Variants/1,1.4425896737314285,1.428197746889524,1.4765156864866666,0.03826154650787628,0.0074090090854526565,0.06627854245138907,CVC4,p-->v,V1,0,0.0,0.0,1,0,0,1
CVC4/p-->v/V2/Chc/0/numPlain/0/Compression/0.0/VCore_Total/1/VCorePlain/0/VCoreVar/0/Variants/1,1.9550697577420237,1.9196101979125,1.9934567742583333,0.06161497227916169,0.05027379323155404,0.0742141804369165,CVC4,p-->v,V2,0,0.0,0.0,1,0,0,1
CVC4/p-->v/V3/Chc/0/numPlain/0/Compression/0.0/VCore_Total/1/VCorePlain/0/VCoreVar/0/Variants/1,0.8359728330846826,0.8274058246861111,0.8436072552326985,0.013820060938512953,0.010564186071704581,0.017745796071818806,CVC4,p-->v,V3,0,0.0,0.0,1,0,0,1
CVC4/p-->v/V4/Chc/0/numPlain/0/Compression/0.0/VCore_Total/1/VCorePlain/0/VCoreVar/0/Variants/1,0.9260998942501985,0.9185413083178174,0.9361328678316667,0.015192146323777227,0.011982293492318781,0.018475769975719224,CVC4,p-->v,V4,0,0.0,0.0,1,0,0,1
CVC4/p-->v/V5/Chc/0/numPlain/0/Compression/0.0/VCore_Total/1/VCorePlain/0/VCoreVar/0/Variants/1,1.8951741436770237,1.8874940908916666,1.9009654929120239,0.01130566475578305,0.006858373843249968,0.017199960195625988,CVC4,p-->v,V5,0,0.0,0.0,1,0,0,1
CVC4/p-->v/V6/Chc/0/numPlain/0/Compression/0.0/VCore_Total/1/VCorePlain/0/VCoreVar/0/Variants/1,1.8733085240505158,1.856405338575397,1.894366627368889,0.03233273304886751,0.022734463720083465,0.04451248395100817,CVC4,p-->v,V6,0,0.0,0.0,1,0,0,1
CVC4/p-->v/V7/Chc/0/numPlain/0/Compression/0.0/VCore_Total/1/VCorePlain/0/VCoreVar/0/Variants/1,1.1376225492819443,1.1278399978944444,1.1462858193297223,0.016499051150973765,0.01119018212205313,0.02402550655611405,CVC4,p-->v,V7,0,0.0,0.0,1,0,0,1
CVC4/p-->v/V8/Chc/0/numPlain/0/Compression/0.0/VCore_Total/1/VCorePlain/0/VCoreVar/0/Variants/1,1.1785778445756745,1.1662744392775,1.196342238586905,0.023673872827863946,0.01491054875218054,0.03262964101668162,CVC4,p-->v,V8,0,0.0,0.0,1,0,0,1
CVC4/p-->v/V9/Chc/0/numPlain/0/Compression/0.0/VCore_Total/1/VCorePlain/0/VCoreVar/0/Variants/1,0.9481916842510317,0.9460113977442857,0.9510846312571429,0.0044071517869658594,0.00268767863103829,0.006381428329365929,CVC4,p-->v,V9,0,0.0,0.0,1,0,0,1
CVC4/p-->v/V10/Chc/0/numPlain/0/Compression/0.0/VCore_Total/1/VCorePlain/0/VCoreVar/0/Variants/1,0.8424325522982936,0.8280293918860714,0.8678992486171826,0.032327497801959884,0.012286457291555156,0.04552437540125993,CVC4,p-->v,V10,0,0.0,0.0,1,0,0,1
CVC4/p-->v/V1/Chc/0/numPlain/0/Compression/0.0/VCore_Total/2/VCorePlain/0/VCoreVar/0/Variants/1,1.9956289438515875,1.986210919367143,2.0025778061787305,0.014680014030942925,0.00695819817799711,0.023384083672854532,CVC4,p-->v,V1,0,0.0,0.0,2,0,0,1
CVC4/p-->v/V1*V2/Chc/0/numPlain/0/Compression/0.0/VCore_Total/4/VCorePlain/0/VCoreVar/0/Variants/1,6.2951205793762295,6.272228061844286,6.318537420297619,0.03964800169263791,0.0293843731478794,0.05154650872547256,CVC4,p-->v,V1*V2,0,0.0,0.0,4,0,0,1
CVC4/p-->v/V1*V2*V3/Chc/0/numPlain/0/Compression/0.0/VCore_Total/8/VCorePlain/0/VCoreVar/0/Variants/1,13.098440513204881,12.99063658226369,13.189035895719048,0.16532116187730078,0.1263072677436473,0.22806529483309373,CVC4,p-->v,V1*V2*V3,0,0.0,0.0,8,0,0,1
CVC4/p-->v/V1*V2*V3*V4/Chc/0/numPlain/0/Compression/0.0/VCore_Total/16/VCorePlain/0/VCoreVar/0/Variants/1,27.668033892673968,27.59521085764286,27.750945005986352,0.12450417131349506,0.08802304471460964,0.18133325514213008,CVC4,p-->v,V1*V2*V3*V4,0,0.0,0.0,16,0,0,1
CVC4/p-->p/V1/Chc/0/numPlain/0/Compression/0.0/VCore_Total/1/VCorePlain/0/VCoreVar/0/Variants/1,1.895978795019286,1.8848936950316666,1.9140016700059526,0.02451414606759952,0.015674314859857798,0.03699587412973588,CVC4,p-->p,V1,0,0.0,0.0,1,0,0,1
CVC4/p-->p/V2/Chc/0/numPlain/0/Compression/0.0/VCore_Total/1/VCorePlain/0/VCoreVar/0/Variants/1,2.51988015226127,2.491083868976667,2.5558091253411113,0.053121027425890914,0.03351508825080898,0.08169652179818068,CVC4,p-->p,V2,0,0.0,0.0,1,0,0,1
CVC4/p-->p/V3/Chc/0/numPlain/0/Compression/0.0/VCore_Total/1/VCorePlain/0/VCoreVar/0/Variants/1,1.0201243341350794,1.0093750698145239,1.0312266536861112,0.01917300517294681,0.013294108832096006,0.026534995732079063,CVC4,p-->p,V3,0,0.0,0.0,1,0,0,1
CVC4/p-->p/V4/Chc/0/numPlain/0/Compression/0.0/VCore_Total/1/VCorePlain/0/VCoreVar/0/Variants/1,1.1133428878500795,1.1017958679972222,1.1269938103218253,0.021753877224761613,0.015059591489774454,0.029958993873035168,CVC4,p-->p,V4,0,0.0,0.0,1,0,0,1
CVC4/p-->p/V5/Chc/0/numPlain/0/Compression/0.0/VCore_Total/1/VCorePlain/0/VCoreVar/0/Variants/1,2.5407176139369443,2.5159853274055557,2.5623080258075,0.03971327019768516,0.025736708033340917,0.0729754206961712,CVC4,p-->p,V5,0,0.0,0.0,1,0,0,1
CVC4/p-->p/V6/Chc/0/numPlain/0/Compression/0.0/VCore_Total/1/VCorePlain/0/VCoreVar/0/Variants/1,2.4520386626966273,2.4369680285966266,2.4692820576251986,0.028725569178024175,0.019258181420079158,0.038771813338274695,CVC4,p-->p,V6,0,0.0,0.0,1,0,0,1
CVC4/p-->p/V7/Chc/0/numPlain/0/Compression/0.0/VCore_Total/1/VCorePlain/0/VCoreVar/0/Variants/1,1.4097314081773413,1.3997608641235715,1.4187564058600002,0.016800299120253798,0.013497224397716057,0.021339991087502383,CVC4,p-->p,V7,0,0.0,0.0,1,0,0,1
CVC4/p-->p/V8/Chc/0/numPlain/0/Compression/0.0/VCore_Total/1/VCorePlain/0/VCoreVar/0/Variants/1,1.4487406094042066,1.4432193178008732,1.4524098490866666,0.00723272645710042,0.004776907790993812,0.0102265356800833,CVC4,p-->p,V8,0,0.0,0.0,1,0,0,1
CVC4/p-->p/V9/Chc/0/numPlain/0/Compression/0.0/VCore_Total/1/VCorePlain/0/VCoreVar/0/Variants/1,1.1779956972423016,1.1581304857994446,1.2148174358800001,0.044465490182556064,0.0255953891784959,0.0695939643474521,CVC4,p-->p,V9,0,0.0,0.0,1,0,0,1
CVC4/p-->p/V10/Chc/0/numPlain/0/Compression/0.0/VCore_Total/1/VCorePlain/0/VCoreVar/0/Variants/1,1.0176055371385713,1.0035097392771428,1.0325158269071428,0.024606709898551765,0.01700868556197651,0.03582496546857845,CVC4,p-->p,V10,0,0.0,0.0,1,0,0,1
CVC4/p-->p/V1/Chc/0/numPlain/0/Compression/0.0/VCore_Total/2/VCorePlain/0/VCoreVar/0/Variants/1,2.490873083675397,2.4503988828155556,2.528219413231111,0.0665295372776842,0.04817936917079943,0.08930911107497268,CVC4,p-->p,V1,0,0.0,0.0,2,0,0,1
CVC4/p-->p/V1*V2/Chc/0/numPlain/0/Compression/0.0/VCore_Total/4/VCorePlain/0/VCoreVar/0/Variants/1,8.122008186809325,8.073969809684325,8.171185707291269,0.08275619813782734,0.057269061103124796,0.11963963003850467,CVC4,p-->p,V1*V2,0,0.0,0.0,4,0,0,1
CVC4/p-->p/V1*V2*V3/Chc/0/numPlain/0/Compression/0.0/VCore_Total/8/VCorePlain/0/VCoreVar/0/Variants/1,17.568078887834403,17.461997113464406,17.774577500003332,0.24638682146927657,0.11888178645818484,0.3910303343451611,CVC4,p-->p,V1*V2*V3,0,0.0,0.0,8,0,0,1
